"GeoUID","Owner","Renter"
35200002,95,10
35200003,70,15
35200004,100,0
35200005,90,15
35200006,120,15
35200007,150,30
35200009,80,20
35200010,70,10
35200012,125,20
35200013,15,10
35200018,125,265
35200028,140,210
35200029,0,120
35200030,125,20
35200031,290,65
35200032,190,25
35200033,85,50
35200034,205,20
35200035,180,10
35200036,80,0
35200037,310,85
35200039,65,30
35200041,220,35
35200042,185,30
35200043,140,50
35200044,65,0
35200046,180,75
35200047,155,165
35200048,160,65
35200049,125,95
35200050,250,40
35200051,115,30
35200052,85,20
35200053,70,15
35200054,70,25
35200055,105,30
35200056,65,15
35200057,55,20
35200058,55,0
35200062,155,50
35200064,180,20
35200065,100,10
35200066,135,10
35200067,120,85
35200068,115,10
35200069,160,20
35200070,140,10
35200071,110,15
35200072,95,10
35200073,100,15
35200074,35,20
35200078,190,20
35200079,365,90
35200080,125,10
35200082,90,10
35200085,95,10
35200086,145,20
35200087,110,60
35200088,130,10
35200089,175,15
35200090,130,35
35200091,150,15
35200092,135,95
35200093,150,40
35200094,170,35
35200095,125,30
35200096,50,15
35200097,60,0
35200099,50,20
35200100,115,0
35200101,270,30
35200102,245,15
35200103,75,0
35200104,260,25
35200105,305,35
35200106,325,10
35200107,65,0
35200108,115,0
35200109,125,10
35200110,130,20
35200111,125,0
35200112,225,15
35200114,260,40
35200115,215,25
35200116,145,30
35200117,200,20
35200118,100,15
35200119,55,20
35200120,140,35
35200121,115,10
35200123,280,30
35200124,205,20
35200125,170,25
35200126,120,15
35200127,190,10
35200128,180,30
35200133,235,20
35200134,180,15
35200135,130,10
35200136,105,10
35200137,175,0
35200138,75,0
35200139,100,0
35200140,95,0
35200141,155,15
35200142,110,15
35200143,195,10
35200144,155,20
35200145,135,20
35200146,55,95
35200147,105,30
35200148,85,30
35200149,120,25
35200150,85,345
35200161,130,60
35200162,180,35
35200163,175,30
35200164,65,10
35200165,155,10
35200166,215,35
35200167,270,115
35200173,85,15
35200174,150,20
35200175,190,30
35200176,120,20
35200177,105,25
35200178,175,15
35200179,250,45
35200180,90,55
35200181,105,20
35200182,90,45
35200183,130,35
35200186,150,55
35200187,120,50
35200188,205,40
35200189,120,35
35200190,120,15
35200193,120,20
35200196,155,40
35200197,120,10
35200198,145,0
35200199,235,0
35200200,165,0
35200201,140,35
35200202,175,15
35200203,360,115
35200204,165,10
35200205,140,10
35200206,130,20
35200207,75,10
35200208,155,0
35200209,125,0
35200210,105,40
35200211,105,25
35200212,95,25
35200213,160,25
35200214,175,35
35200215,110,20
35200216,130,60
35200217,95,45
35200218,145,40
35200219,140,25
35200220,130,0
35200221,1590,1130
35200222,315,70
35200223,120,15
35200224,210,60
35200232,65,205
35200233,95,20
35200234,120,15
35200235,110,40
35200236,125,15
35200237,115,20
35200238,75,35
35200239,60,25
35200242,125,10
35200243,140,0
35200244,120,0
35200245,215,20
35200246,120,25
35200249,200,25
35200250,115,30
35200251,90,0
35200252,190,0
35200253,105,100
35200254,235,15
35200255,155,15
35200256,95,160
35200260,130,40
35200261,140,45
35200262,160,15
35200263,105,10
35200264,135,25
35200265,150,30
35200266,175,25
35200267,430,80
35200268,220,35
35200269,225,40
35200271,50,735
35200272,15,750
35200273,530,955
35200275,140,15
35200278,115,15
35200279,205,10
35200280,10,305
35200281,35,150
35200284,105,225
35200288,120,30
35200289,200,30
35200290,165,35
35200291,180,20
35200292,70,95
35200293,730,175
35200294,130,20
35200297,100,30
35200298,210,135
35200300,20,405
35200301,120,35
35200302,230,40
35200303,55,15
35200304,170,55
35200305,160,45
35200306,145,35
35200307,65,25
35200308,200,0
35200309,335,315
35200310,120,75
35200313,,
35200315,490,50
35200316,540,155
35200317,160,70
35200318,145,0
35200319,140,20
35200320,160,185
35200321,200,45
35200322,100,35
35200323,145,210
35200324,285,20
35200325,90,0
35200326,185,20
35200327,95,10
35200328,115,10
35200329,120,25
35200330,160,15
35200331,120,10
35200332,140,20
35200333,150,30
35200334,145,25
35200335,140,25
35200336,135,30
35200337,125,15
35200338,135,15
35200339,15,195
35200352,450,255
35200355,135,30
35200357,140,25
35200358,135,15
35200359,165,0
35200360,130,20
35200361,115,20
35200362,150,35
35200363,135,0
35200364,225,495
35200366,50,230
35200368,110,40
35200370,125,10
35200371,165,10
35200372,110,0
35200373,75,15
35200374,200,40
35200375,105,15
35200376,165,0
35200377,175,15
35200378,85,0
35200379,145,0
35200380,170,15
35200381,130,250
35200382,80,240
35200383,90,130
35200384,160,15
35200385,90,10
35200386,235,0
35200387,110,20
35200388,225,25
35200389,115,170
35200391,115,45
35200392,115,0
35200393,265,30
35200394,160,35
35200395,125,35
35200396,155,10
35200397,10,430
35200400,95,0
35200401,150,0
35200402,125,30
35200404,170,25
35200405,90,60
35200406,110,20
35200407,125,10
35200408,165,25
35200409,100,15
35200410,40,325
35200411,45,285
35200412,10,615
35200413,115,290
35200414,15,375
35200415,115,0
35200416,155,0
35200417,150,220
35200418,0,425
35200420,195,60
35200421,95,15
35200422,140,60
35200423,10,315
35200426,90,70
35200427,115,60
35200428,70,85
35200429,15,185
35200430,140,35
35200431,125,60
35200432,105,20
35200433,115,45
35200434,110,25
35200435,125,55
35200436,85,210
35200437,125,20
35200438,145,30
35200439,115,15
35200440,120,40
35200442,35,135
35200443,55,160
35200444,95,25
35200445,145,0
35200449,80,95
35200450,130,10
35200451,100,0
35200452,190,35
35200453,225,20
35200454,75,280
35200455,140,15
35200456,0,475
35200459,90,40
35200460,10,180
35200463,60,235
35200464,80,170
35200465,170,65
35200466,170,25
35200467,180,40
35200468,210,15
35200469,20,180
35200470,0,255
35200471,10,650
35200472,205,80
35200475,105,105
35200478,135,40
35200479,170,45
35200480,120,15
35200481,110,40
35200482,120,70
35200483,100,90
35200484,15,310
35200488,115,60
35200489,30,140
35200490,105,25
35200491,90,20
35200492,75,30
35200493,75,25
35200494,150,15
35200495,140,30
35200497,55,230
35200498,115,65
35200499,120,285
35200505,85,80
35200506,135,20
35200510,115,55
35200511,160,40
35200512,175,0
35200513,155,15
35200514,170,15
35200515,145,25
35200516,150,50
35200517,125,70
35200518,135,70
35200519,130,55
35200520,165,40
35200521,190,60
35200522,185,55
35200523,155,55
35200524,120,100
35200525,130,25
35200529,200,155
35200531,140,130
35200532,135,45
35200533,100,10
35200534,175,15
35200535,75,105
35200536,205,305
35200538,690,130
35200539,250,50
35200540,100,20
35200541,305,80
35200542,100,20
35200545,,
35200561,245,50
35200562,140,45
35200563,145,20
35200564,165,30
35200565,155,45
35200566,190,55
35200567,155,40
35200568,155,35
35200569,150,80
35200570,165,30
35200571,170,70
35200572,175,50
35200573,165,35
35200574,100,85
35200575,170,25
35200576,220,35
35200577,195,20
35200578,115,30
35200579,170,120
35200580,135,40
35200581,100,45
35200582,205,105
35200583,125,225
35200584,125,40
35200585,120,55
35200586,160,50
35200587,215,70
35200588,190,165
35200589,220,60
35200590,165,45
35200591,190,10
35200593,210,95
35200594,195,25
35200595,135,45
35200596,165,290
35200597,150,15
35200598,30,165
35200599,140,125
35200600,135,30
35200601,125,45
35200602,155,30
35200603,180,115
35200604,195,35
35200605,210,35
35200606,120,100
35200610,105,15
35200611,165,25
35200612,235,25
35200639,125,555
35200640,115,80
35200641,190,275
35200642,125,55
35200643,145,70
35200644,145,25
35200645,115,80
35200646,135,30
35200647,100,150
35200648,170,255
35200649,155,55
35200650,265,15
35200651,230,40
35200652,195,45
35200653,130,45
35200654,605,85
35200655,145,70
35200656,85,175
35200657,170,190
35200658,210,55
35200659,200,15
35200660,260,85
35200661,90,440
35200662,115,255
35200663,105,25
35200664,235,45
35200665,265,135
35200666,205,65
35200667,130,55
35200668,55,90
35200669,95,80
35200670,125,55
35200671,95,85
35200672,75,50
35200673,55,255
35200674,260,260
35200675,130,125
35200676,225,25
35200677,155,55
35200678,170,125
35200679,175,15
35200680,205,135
35200681,155,85
35200682,120,55
35200683,160,150
35200686,295,115
35200687,105,90
35200688,110,55
35200689,105,55
35200690,75,85
35200691,65,85
35200692,85,70
35200693,95,80
35200694,135,110
35200695,175,60
35200696,95,35
35200697,85,95
35200698,95,50
35200699,80,50
35200700,70,20
35200701,130,55
35200702,100,75
35200703,130,130
35200704,110,180
35200705,140,255
35200706,150,35
35200707,115,25
35200708,155,45
35200709,145,50
35200710,160,60
35200711,120,95
35200712,165,160
35200713,120,50
35200714,140,30
35200715,130,10
35200716,105,35
35200717,140,40
35200718,175,310
35200719,255,125
35200720,85,130
35200724,235,35
35200725,195,50
35200726,135,15
35200727,150,60
35200728,215,360
35200729,90,35
35200730,115,10
35200731,115,55
35200732,185,75
35200733,145,50
35200734,130,15
35200735,150,15
35200736,130,30
35200737,120,40
35200738,105,50
35200739,95,210
35200740,110,40
35200741,100,280
35200744,305,295
35200745,0,210
35200746,255,50
35200747,170,15
35200748,160,35
35200749,140,20
35200750,155,10
35200751,135,30
35200752,115,60
35200753,205,40
35200754,120,190
35200755,175,60
35200756,10,510
35200757,175,640
35200768,30,230
35200769,0,220
35200770,0,265
35200771,55,565
35200772,195,255
35200774,35,125
35200783,30,270
35200791,255,25
35200792,260,65
35200794,145,75
35200795,195,25
35200796,145,75
35200797,60,185
35200798,110,140
35200801,340,515
35200802,0,70
35200803,60,170
35200804,25,210
35200805,715,1290
35200806,145,140
35200807,30,90
35200808,105,145
35200809,85,65
35200810,160,175
35200811,50,245
35200812,155,90
35200813,110,90
35200814,35,565
35200815,35,220
35200821,175,200
35200822,390,155
35200826,185,425
35200827,45,190
35200828,0,280
35200829,,
35200831,265,60
35200832,675,1590
35200833,0,465
35200855,550,790
35200859,90,255
35200860,175,325
35200861,10,305
35200862,90,125
35200863,35,115
35200864,70,100
35200865,125,90
35200866,115,210
35200867,0,440
35200868,95,250
35200869,50,185
35200870,605,840
35200876,90,95
35200877,100,80
35200878,15,430
35200879,110,60
35200880,150,55
35200881,75,90
35200882,95,60
35200883,95,35
35200884,135,50
35200885,120,50
35200886,165,85
35200887,115,175
35200888,175,175
35200889,85,120
35200890,45,125
35200891,110,80
35200892,125,170
35200893,40,60
35200894,115,330
35200895,35,215
35200896,40,250
35200897,90,155
35200898,0,205
35200899,15,150
35200900,140,75
35200901,235,260
35200902,0,295
35200903,75,85
35200905,95,85
35200906,170,190
35200907,100,120
35200908,90,100
35200909,80,190
35200910,105,160
35200911,45,120
35200912,85,90
35200913,130,150
35200914,130,110
35200915,110,280
35200916,105,120
35200917,60,85
35200918,65,35
35200919,40,125
35200920,120,160
35200921,135,60
35200922,65,155
35200923,50,105
35200924,40,110
35200925,50,110
35200926,65,125
35200927,55,145
35200928,60,75
35200929,80,90
35200930,50,115
35200931,70,165
35200932,40,100
35200933,65,90
35200934,55,175
35200935,100,20
35200936,60,75
35200937,130,20
35200938,60,95
35200939,90,65
35200940,35,95
35200941,110,35
35200942,90,105
35200943,55,40
35200944,140,55
35200945,110,80
35200946,85,65
35200949,100,105
35200950,85,100
35200951,140,115
35200952,510,370
35200953,70,55
35200954,95,65
35200955,275,390
35200956,90,55
35200957,210,360
35200958,200,120
35200959,200,70
35200960,105,45
35200961,90,50
35200962,105,75
35200963,40,110
35200965,60,85
35200966,75,50
35200967,150,125
35200968,310,745
35200969,115,40
35200974,210,95
35200975,80,65
35200976,205,160
35200977,65,205
35200979,150,30
35200981,15,190
35200983,40,100
35200985,100,80
35200986,120,95
35200987,150,60
35200988,130,125
35200989,145,110
35200990,80,140
35200991,125,45
35200992,95,50
35200993,60,50
35200994,95,70
35200995,75,30
35200996,55,80
35200997,140,120
35200998,125,55
35200999,130,105
35201000,155,125
35201001,100,80
35201002,130,80
35201003,100,75
35201004,70,55
35201005,110,80
35201006,80,55
35201007,65,80
35201008,110,70
35201009,90,80
35201010,155,150
35201011,95,45
35201012,80,95
35201013,80,45
35201014,175,65
35201015,165,100
35201016,65,190
35201017,55,145
35201018,75,75
35201019,85,115
35201020,125,80
35201023,130,185
35201024,125,125
35201025,100,185
35201026,65,205
35201027,85,195
35201028,125,90
35201029,220,260
35201030,90,130
35201031,260,190
35201032,20,165
35201033,30,195
35201034,0,90
35201035,280,135
35201036,10,355
35201038,10,430
35201039,420,480
35201040,170,75
35201041,265,230
35201044,115,140
35201045,15,245
35201046,40,225
35201047,45,235
35201048,95,160
35201049,165,165
35201050,60,65
35201051,35,415
35201052,20,215
35201053,65,155
35201054,100,270
35201055,50,275
35201056,0,280
35201057,100,240
35201058,0,315
35201059,80,145
35201060,80,155
35201061,90,165
35201062,60,70
35201063,145,190
35201064,120,165
35201065,165,70
35201066,155,35
35201067,135,55
35201068,115,190
35201069,40,125
35201070,65,75
35201071,110,60
35201072,125,120
35201073,175,110
35201076,195,80
35201077,130,30
35201078,180,180
35201079,125,55
35201080,190,245
35201081,85,60
35201104,40,80
35201105,60,85
35201106,75,135
35201107,225,270
35201109,170,130
35201110,160,240
35201111,155,145
35201112,140,45
35201113,55,170
35201114,55,180
35201122,85,25
35201123,105,30
35201124,100,60
35201125,105,35
35201126,90,40
35201127,105,80
35201128,90,75
35201129,165,40
35201130,115,20
35201131,210,75
35201132,190,85
35201133,165,30
35201134,90,110
35201139,60,100
35201140,120,40
35201141,155,45
35201142,105,75
35201143,145,70
35201144,95,25
35201145,140,120
35201146,115,10
35201147,100,45
35201148,95,60
35201149,70,45
35201150,40,70
35201151,60,75
35201152,45,110
35201153,150,55
35201154,105,80
35201155,90,85
35201156,65,130
35201157,110,20
35201158,225,120
35201159,230,55
35201160,45,70
35201161,0,165
35201162,155,50
35201163,75,35
35201164,90,50
35201165,170,75
35201166,80,450
35201167,45,20
35201168,90,55
35201169,85,100
35201170,165,100
35201171,85,55
35201172,120,55
35201173,85,55
35201174,110,55
35201175,145,55
35201176,130,40
35201177,145,25
35201178,120,55
35201179,120,40
35201180,160,30
35201181,130,30
35201182,185,70
35201185,150,40
35201186,165,60
35201187,90,35
35201188,150,50
35201191,100,25
35201192,115,35
35201193,130,40
35201194,90,45
35201195,100,40
35201196,200,115
35201197,80,25
35201198,215,65
35201199,145,75
35201200,135,40
35201201,100,40
35201202,125,30
35201203,200,65
35201204,85,70
35201205,110,140
35201206,145,125
35201209,35,90
35201210,85,15
35201211,80,100
35201212,155,30
35201213,65,115
35201214,80,10
35201215,0,285
35201216,80,140
35201217,0,320
35201219,290,95
35201228,75,60
35201240,90,35
35201241,180,45
35201242,115,255
35201243,100,30
35201244,90,20
35201249,180,20
35201250,270,50
35201251,155,175
35201252,105,15
35201253,165,35
35201254,120,65
35201255,125,25
35201256,125,20
35201257,100,25
35201259,125,25
35201263,105,30
35201264,185,85
35201267,135,25
35201278,150,40
35201279,125,75
35201280,115,85
35201281,155,30
35201282,150,65
35201283,80,65
35201284,120,35
35201285,80,95
35201286,55,35
35201287,100,95
35201288,170,45
35201289,85,60
35201290,100,55
35201291,195,90
35201292,130,85
35201293,110,85
35201294,150,15
35201295,180,40
35201297,280,180
35201298,465,95
35201312,465,120
35201313,85,110
35201314,100,110
35201315,150,90
35201316,130,75
35201317,80,110
35201318,85,135
35201319,90,130
35201320,160,175
35201321,95,120
35201322,140,95
35201323,105,50
35201324,95,45
35201325,110,35
35201326,95,215
35201327,25,240
35201328,55,85
35201329,0,215
35201331,45,185
35201332,35,325
35201333,20,185
35201334,0,440
35201337,30,255
35201338,15,235
35201339,45,85
35201347,145,70
35201348,145,65
35201349,145,60
35201350,210,95
35201351,110,65
35201352,90,85
35201353,85,70
35201354,100,55
35201355,120,75
35201356,75,70
35201357,285,325
35201358,120,185
35201359,80,120
35201360,105,175
35201361,125,195
35201362,0,1010
35201363,95,65
35201364,130,70
35201365,245,120
35201368,85,45
35201369,145,105
35201370,105,35
35201371,75,95
35201372,100,95
35201373,115,25
35201374,140,145
35201375,120,155
35201376,130,200
35201377,50,110
35201378,85,205
35201379,85,205
35201380,125,90
35201381,90,100
35201383,135,35
35201384,105,45
35201387,115,185
35201388,90,140
35201389,265,65
35201390,145,70
35201391,80,30
35201393,120,90
35201394,130,80
35201395,80,115
35201396,215,520
35201397,170,55
35201398,85,35
35201399,95,60
35201400,75,40
35201401,620,275
35201402,150,120
35201403,60,85
35201404,65,170
35201405,50,55
35201406,135,115
35201407,325,235
35201408,115,80
35201409,115,70
35201410,120,40
35201411,140,90
35201412,65,65
35201413,100,60
35201414,95,110
35201415,75,80
35201416,65,195
35201417,70,85
35201418,85,110
35201419,85,75
35201420,100,105
35201421,50,145
35201422,140,80
35201423,80,115
35201426,115,90
35201427,145,80
35201428,145,145
35201429,85,115
35201430,120,50
35201431,75,70
35201432,170,80
35201433,175,135
35201434,125,95
35201435,85,95
35201436,95,150
35201437,85,105
35201438,140,70
35201439,90,100
35201440,120,105
35201441,105,75
35201442,220,170
35201443,90,65
35201444,85,125
35201445,60,80
35201446,30,90
35201447,85,40
35201448,80,90
35201449,95,45
35201451,70,125
35201452,295,425
35201459,30,205
35201460,75,230
35201461,,
35201463,35,525
35201464,20,375
35201466,185,85
35201467,140,100
35201468,40,70
35201469,785,440
35201471,80,310
35201477,125,25
35201478,145,35
35201479,115,75
35201480,105,55
35201481,90,90
35201482,170,50
35201483,135,65
35201485,140,75
35201486,120,70
35201487,245,20
35201488,200,25
35201489,125,35
35201490,155,0
35201491,105,125
35201492,140,50
35201493,230,20
35201494,195,75
35201495,280,10
35201496,405,350
35201497,165,45
35201498,125,0
35201499,175,0
35201500,185,0
35201501,200,25
35201502,200,35
35201503,190,10
35201504,145,0
35201505,155,30
35201506,225,30
35201507,295,80
35201508,250,35
35201509,180,0
35201510,195,10
35201511,210,10
35201512,205,20
35201513,185,20
35201514,160,135
35201515,185,20
35201516,255,10
35201517,165,25
35201518,160,40
35201519,475,100
35201520,190,80
35201521,220,40
35201522,105,190
35201523,125,35
35201524,140,50
35201525,120,65
35201526,560,165
35201532,150,140
35201541,180,85
35201542,160,35
35201543,150,40
35201544,145,50
35201545,155,125
35201547,220,55
35201548,115,80
35201552,150,70
35201553,65,200
35201554,150,95
35201555,170,120
35201556,150,205
35201557,20,245
35201558,200,55
35201559,125,240
35201560,70,120
35201563,65,125
35201564,95,80
35201565,55,150
35201566,155,50
35201567,215,40
35201568,110,135
35201569,110,115
35201570,60,110
35201571,150,35
35201572,125,95
35201573,50,530
35201574,100,125
35201575,175,170
35201576,445,210
35201577,125,70
35201578,100,75
35201579,300,175
35201580,80,100
35201581,135,260
35201582,110,75
35201583,235,35
35201584,145,20
35201585,150,35
35201586,85,85
35201587,170,10
35201588,135,95
35201589,220,35
35201590,150,85
35201591,145,60
35201592,120,40
35201593,110,30
35201594,130,25
35201595,230,55
35201596,205,45
35201597,210,40
35201598,130,15
35201599,200,0
35201600,120,185
35201601,190,165
35201602,145,10
35201603,165,15
35201604,155,10
35201605,140,10
35201607,175,180
35201608,145,15
35201609,110,15
35201610,200,285
35201611,160,0
35201612,130,0
35201613,45,125
35201614,40,225
35201615,145,0
35201616,170,15
35201617,490,50
35201620,170,150
35201621,145,0
35201622,160,0
35201623,335,260
35201624,145,15
35201625,200,0
35201626,130,0
35201627,75,55
35201629,90,0
35201630,155,10
35201631,130,90
35201632,120,0
35201634,130,10
35201635,125,15
35201636,140,0
35201641,280,485
35201647,210,0
35201648,165,30
35201649,180,10
35201650,105,15
35201652,190,10
35201653,135,10
35201654,155,15
35201656,110,35
35201657,95,70
35201658,150,20
35201659,190,20
35201660,145,15
35201661,215,25
35201662,170,20
35201663,1370,715
35201664,715,185
35201665,350,55
35201666,165,20
35201667,560,360
35201670,90,110
35201672,115,70
35201673,105,65
35201674,245,115
35201675,270,80
35201676,225,60
35201690,215,10
35201691,200,10
35201692,260,55
35201693,320,15
35201694,110,210
35201695,15,220
35201696,330,425
35201697,165,0
35201698,40,255
35201699,160,0
35201700,165,125
35201701,175,0
35201702,155,15
35201703,185,10
35201704,145,0
35201705,185,0
35201706,220,0
35201707,165,15
35201708,185,25
35201709,100,15
35201710,140,10
35201711,150,0
35201712,115,0
35201713,140,0
35201714,50,425
35201717,85,305
35201718,155,0
35201719,175,10
35201720,175,30
35201721,50,110
35201722,20,365
35201723,45,90
35201724,140,20
35201725,145,265
35201726,140,25
35201728,75,470
35201730,165,0
35201731,110,60
35201732,200,60
35201734,195,0
35201735,20,95
35201736,10,345
35201737,145,105
35201738,160,0
35201739,160,10
35201740,165,0
35201741,140,20
35201744,600,145
35201748,360,120
35201749,160,0
35201750,140,30
35201751,95,0
35201752,95,0
35201753,90,0
35201754,100,10
35201755,155,15
35201756,215,10
35201757,125,10
35201758,175,0
35201759,245,20
35201760,145,0
35201761,185,0
35201762,260,20
35201779,205,665
35201781,170,15
35201782,75,0
35201783,105,15
35201784,75,175
35201785,80,100
35201786,155,15
35201787,130,30
35201788,140,20
35201789,10,335
35201790,100,40
35201791,75,225
35201792,95,20
35201793,110,15
35201802,170,0
35201803,125,0
35201804,150,0
35201805,225,0
35201806,185,10
35201807,225,20
35201816,135,10
35201817,130,15
35201818,160,15
35201819,105,40
35201820,170,20
35201822,45,265
35201823,120,20
35201824,115,35
35201825,140,55
35201826,45,105
35201827,125,25
35201828,120,25
35201829,160,15
35201830,115,40
35201831,110,15
35201832,70,15
35201833,120,30
35201834,130,40
35201835,50,390
35201838,25,240
35201839,125,20
35201840,125,30
35201841,60,215
35201842,145,45
35201843,95,60
35201844,125,50
35201845,135,20
35201846,175,65
35201847,135,15
35201848,95,35
35201849,65,165
35201850,135,15
35201851,265,300
35201852,60,30
35201853,0,170
35201854,95,340
35201855,85,20
35201856,190,455
35201857,65,235
35201858,80,50
35201859,115,40
35201860,135,25
35201861,110,30
35201862,140,55
35201863,145,65
35201864,145,50
35201868,165,95
35201869,115,20
35201872,155,45
35201874,100,220
35201875,315,50
35201876,310,225
35201877,65,15
35201879,120,0
35201880,150,10
35201881,195,20
35201882,130,35
35201883,125,115
35201884,125,35
35201885,85,35
35201886,140,50
35201887,100,20
35201888,50,220
35201889,195,40
35201890,165,95
35201892,10,295
35201893,70,50
35201894,150,35
35201895,110,30
35201896,125,25
35201900,90,40
35201901,95,30
35201902,70,120
35201903,165,320
35201904,165,20
35201905,90,35
35201906,90,30
35201907,140,20
35201908,145,15
35201909,135,10
35201912,0,200
35201913,135,10
35201914,80,10
35201915,95,25
35201919,105,50
35201920,440,80
35201935,140,20
35201936,130,35
35201937,135,15
35201938,250,15
35201939,145,20
35201940,110,40
35201950,160,10
35201951,205,20
35201952,155,15
35201953,145,25
35201955,75,175
35201958,80,145
35201959,105,180
35201960,55,305
35201961,190,170
35201962,150,45
35201963,155,25
35201964,115,30
35201965,180,25
35201966,185,15
35201967,75,15
35201968,80,60
35201969,115,10
35201970,125,0
35201971,125,15
35201972,295,105
35201973,155,75
35201976,175,35
35201977,100,315
35201979,155,15
35201983,95,10
35201984,65,100
35201985,65,10
35201986,100,25
35201987,250,20
35201988,80,10
35201989,10,185
35201992,65,70
35201993,125,180
35201996,135,10
35201997,160,0
35201998,130,20
35201999,190,160
35202000,165,35
35202001,245,435
35202002,125,105
35202003,10,375
35202004,210,55
35202005,85,95
35202006,80,45
35202007,80,80
35202013,320,445
35202016,0,345
35202017,20,1230
35202018,25,455
35202019,120,35
35202020,55,80
35202021,55,170
35202022,120,15
35202023,355,100
35202024,200,80
35202025,185,25
35202026,50,120
35202027,100,25
35202028,80,10
35202029,220,20
35202030,75,300
35202031,155,155
35202035,50,175
35202036,0,190
35202037,95,40
35202040,35,140
35202042,10,410
35202045,10,145
35202046,110,355
35202047,45,70
35202048,90,25
35202049,85,45
35202050,155,145
35202051,25,330
35202055,10,225
35202056,295,25
35202057,270,85
35202058,220,30
35202059,220,50
35202065,0,685
35202066,205,60
35202067,55,30
35202071,240,175
35202072,110,10
35202075,170,10
35202079,95,0
35202080,145,30
35202084,40,85
35202085,30,395
35202086,20,440
35202087,130,315
35202088,55,290
35202089,110,105
35202090,35,105
35202091,125,35
35202096,10,310
35202097,0,155
35202098,640,405
35202100,95,50
35202101,115,25
35202102,95,105
35202103,110,105
35202104,100,145
35202105,130,20
35202106,160,50
35202107,100,25
35202108,370,165
35202109,335,95
35202110,205,130
35202111,160,10
35202112,260,105
35202113,175,45
35202114,105,35
35202115,105,25
35202116,130,25
35202117,95,105
35202118,65,105
35202119,10,355
35202120,260,165
35202121,105,70
35202122,150,40
35202123,125,50
35202124,165,15
35202125,175,95
35202126,185,20
35202127,95,40
35202128,195,30
35202129,70,115
35202130,90,105
35202131,60,330
35202132,525,510
35202133,150,100
35202134,205,25
35202135,90,120
35202136,0,180
35202137,70,495
35202138,100,40
35202139,105,75
35202140,865,850
35202141,115,25
35202145,75,220
35202147,45,280
35202149,110,65
35202150,125,40
35202151,90,55
35202152,935,960
35202153,95,75
35202154,65,75
35202155,55,170
35202156,140,30
35202157,65,65
35202158,140,0
35202159,385,285
35202160,155,25
35202161,240,60
35202162,90,160
35202163,105,130
35202164,255,105
35202165,155,165
35202166,120,55
35202167,115,35
35202168,30,120
35202169,80,125
35202170,105,40
35202171,35,100
35202172,150,180
35202173,100,185
35202174,85,20
35202175,110,15
35202176,130,10
35202177,175,45
35202178,260,220
35202179,15,220
35202180,60,290
35202181,110,210
35202183,130,50
35202184,120,200
35202185,35,25
35202186,150,15
35202187,160,35
35202188,105,20
35202189,45,75
35202210,50,0
35202211,90,0
35202212,145,60
35202213,140,45
35202214,115,40
35202215,80,125
35202216,105,75
35202217,85,70
35202218,115,55
35202222,95,225
35202223,175,55
35202224,90,40
35202225,50,145
35202226,80,65
35202227,85,170
35202228,175,30
35202229,130,25
35202230,75,60
35202231,65,110
35202232,85,135
35202233,145,50
35202234,160,80
35202235,60,125
35202236,25,160
35202237,170,230
35202238,65,80
35202239,80,100
35202240,135,50
35202241,0,510
35202242,10,215
35202243,115,95
35202244,130,60
35202245,110,160
35202246,80,80
35202247,65,95
35202248,105,75
35202249,45,95
35202251,75,140
35202252,85,80
35202254,145,0
35202255,105,65
35202256,125,15
35202257,105,170
35202258,115,110
35202261,105,75
35202262,45,270
35202263,15,335
35202264,45,300
35202265,10,380
35202266,0,290
35202267,80,230
35202268,110,155
35202269,260,15
35202270,70,135
35202271,105,0
35202272,150,20
35202273,110,145
35202274,145,205
35202275,50,295
35202276,140,35
35202277,15,165
35202278,130,110
35202279,320,330
35202280,0,95
35202281,45,165
35202282,70,115
35202283,110,70
35202284,175,100
35202285,65,485
35202286,75,20
35202287,125,25
35202288,105,20
35202289,85,35
35202290,320,165
35202293,90,65
35202294,120,25
35202295,150,65
35202296,50,135
35202297,160,40
35202298,125,15
35202299,160,35
35202300,130,70
35202301,110,145
35202302,130,35
35202303,80,65
35202304,140,20
35202305,145,135
35202306,100,85
35202307,110,80
35202309,170,10
35202310,140,30
35202311,45,165
35202316,0,355
35202321,65,70
35202322,75,75
35202323,90,10
35202324,90,35
35202325,195,0
35202326,115,40
35202327,165,40
35202328,150,35
35202336,170,10
35202337,100,80
35202338,95,70
35202339,115,165
35202340,140,55
35202341,150,20
35202342,355,185
35202343,145,30
35202344,195,20
35202345,180,185
35202346,115,355
35202347,55,185
35202348,130,20
35202349,130,15
35202350,140,135
35202351,120,0
35202352,145,10
35202353,165,0
35202354,120,20
35202355,240,75
35202356,150,30
35202357,170,10
35202358,130,30
35202359,115,125
35202360,145,25
35202361,105,25
35202362,35,115
35202363,505,30
35202364,125,0
35202365,110,0
35202366,135,15
35202367,235,0
35202368,155,15
35202369,180,10
35202370,180,0
35202371,205,40
35202372,115,65
35202373,115,260
35202374,130,105
35202375,105,85
35202376,240,15
35202377,170,30
35202378,270,115
35202379,80,70
35202380,100,30
35202381,105,20
35202382,185,45
35202383,155,20
35202384,145,15
35202385,180,20
35202386,245,125
35202387,160,10
35202388,340,50
35202389,200,45
35202390,160,20
35202391,215,20
35202392,240,55
35202393,155,60
35202394,135,10
35202395,55,225
35202396,135,0
35202398,225,240
35202399,130,0
35202400,160,0
35202401,130,50
35202402,85,75
35202403,70,485
35202404,50,155
35202405,120,135
35202406,270,210
35202407,10,110
35202408,150,70
35202409,90,165
35202413,130,10
35202414,55,25
35202415,90,70
35202416,85,60
35202417,120,35
35202418,125,15
35202419,100,35
35202431,735,585
35202436,115,60
35202439,155,40
35202440,130,70
35202441,175,20
35202442,110,30
35202443,255,200
35202446,110,10
35202447,65,10
35202448,85,15
35202449,125,15
35202450,90,10
35202451,190,25
35202452,90,15
35202453,190,20
35202454,200,35
35202455,125,20
35202456,110,20
35202457,70,10
35202458,120,0
35202459,105,40
35202460,105,25
35202461,105,0
35202462,160,250
35202466,175,30
35202467,175,20
35202468,245,40
35202469,210,45
35202472,85,385
35202475,130,45
35202476,180,40
35202477,140,25
35202478,190,30
35202479,165,20
35202480,150,20
35202481,140,15
35202482,150,10
35202483,320,55
35202484,50,30
35202485,90,15
35202486,125,10
35202487,85,0
35202491,150,20
35202492,130,0
35202493,120,0
35202494,140,20
35202495,95,35
35202496,130,45
35202497,115,40
35202498,125,55
35202499,125,65
35202500,145,40
35202501,85,350
35202502,95,40
35202503,120,90
35202504,155,45
35202507,95,30
35202508,125,35
35202509,130,10
35202510,75,310
35202511,175,65
35202512,150,25
35202513,145,10
35202514,115,50
35202515,165,20
35202516,125,40
35202517,135,50
35202522,80,70
35202523,130,40
35202534,320,35
35202535,120,20
35202547,120,200
35202548,145,35
35202549,115,50
35202550,20,180
35202551,85,155
35202553,20,345
35202554,40,360
35202555,15,230
35202560,70,40
35202564,155,45
35202565,155,85
35202566,225,60
35202567,210,50
35202568,255,65
35202569,180,100
35202570,195,0
35202571,130,125
35202572,170,55
35202573,170,40
35202574,145,15
35202575,185,20
35202576,160,55
35202577,145,30
35202583,215,35
35202584,100,35
35202586,125,50
35202587,150,45
35202588,95,15
35202589,175,240
35202590,100,45
35202591,70,220
35202592,155,0
35202593,120,25
35202594,130,0
35202597,110,45
35202598,85,35
35202599,170,45
35202600,140,15
35202605,75,230
35202606,190,35
35202608,250,25
35202611,135,15
35202612,180,20
35202613,190,30
35202614,145,0
35202615,130,10
35202616,135,30
35202617,155,25
35202618,15,300
35202619,185,35
35202620,620,350
35202621,140,10
35202622,115,20
35202623,65,0
35202627,145,20
35202628,505,235
35202629,105,20
35202630,165,20
35202636,160,0
35202637,160,25
35202638,185,0
35202639,150,10
35202640,150,210
35202641,170,35
35202642,135,15
35202643,170,0
35202644,190,0
35202645,120,60
35202646,165,50
35202647,160,100
35202648,125,150
35202649,160,110
35202650,160,205
35202653,130,10
35202654,0,855
35202655,300,635
35202656,0,400
35202657,20,215
35202666,560,820
35202669,295,1325
35202670,10,420
35202671,675,870
35202672,290,440
35202673,345,480
35202674,225,845
35202675,165,45
35202676,210,25
35202677,150,20
35202678,130,0
35202679,175,20
35202680,165,20
35202681,130,40
35202682,185,110
35202683,100,115
35202684,150,115
35202685,155,15
35202686,145,10
35202687,175,55
35202688,260,45
35202689,195,40
35202690,140,55
35202691,210,35
35202694,165,170
35202695,140,0
35202699,105,10
35202700,190,45
35202701,165,10
35202702,915,515
35202703,85,65
35202704,135,10
35202705,705,240
35202706,40,200
35202707,140,160
35202712,80,265
35202722,325,45
35202727,0,255
35202733,15,740
35202735,15,450
35202736,0,285
35202739,245,25
35202741,85,120
35202742,95,40
35202743,0,335
35202744,10,200
35202745,160,40
35202746,80,110
35202747,190,25
35202748,50,295
35202749,95,0
35202750,60,195
35202751,130,10
35202752,135,15
35202753,140,10
35202756,165,20
35202757,130,10
35202758,135,30
35202760,220,30
35202761,140,10
35202762,290,25
35202763,125,10
35202764,125,0
35202765,175,20
35202767,140,0
35202768,160,245
35202769,75,185
35202770,115,190
35202771,155,45
35202772,155,40
35202773,160,50
35202774,120,65
35202775,170,10
35202776,180,10
35202777,165,15
35202778,160,90
35202779,160,0
35202787,215,30
35202788,345,155
35202789,115,160
35202790,515,425
35202791,55,315
35202792,25,170
35202797,160,70
35202798,135,130
35202799,240,150
35202800,85,175
35202801,165,230
35202802,130,80
35202803,215,225
35202804,180,270
35202805,145,170
35202806,210,165
35202807,370,280
35202808,120,125
35202809,80,60
35202810,75,65
35202811,250,115
35202812,220,60
35202813,115,45
35202814,140,45
35202817,720,560
35202818,570,460
35202819,290,395
35202820,745,825
35202821,110,340
35202823,375,95
35202840,0,110
35202842,70,125
35202843,45,165
35202845,95,85
35202846,80,55
35202847,30,530
35202848,40,405
35202849,15,290
35202850,195,1025
35202878,150,130
35202879,545,115
35202880,160,300
35202881,120,85
35202882,120,140
35202883,55,85
35202884,140,10
35202886,100,15
35202887,95,90
35202888,125,45
35202889,75,80
35202890,80,215
35202891,130,110
35202892,45,80
35202893,120,225
35202894,80,325
35202895,100,85
35202896,140,0
35202897,125,20
35202898,130,0
35202899,150,30
35202900,100,220
35202901,105,90
35202902,25,210
35202903,75,285
35202904,110,80
35202905,180,0
35202906,195,195
35202907,90,155
35202910,100,60
35202911,125,95
35202912,185,110
35202918,215,65
35202919,175,35
35202920,165,70
35202928,235,180
35202930,105,130
35202931,85,285
35202932,100,90
35202933,130,15
35202935,115,105
35202936,140,65
35202937,185,35
35202938,140,50
35202939,175,70
35202940,75,105
35202941,160,10
35202942,160,40
35202943,90,230
35202944,205,165
35202945,140,20
35202946,165,50
35202947,290,65
35202948,115,20
35202949,225,105
35202950,155,115
35202951,115,50
35202952,150,30
35202953,155,0
35202954,150,25
35202955,90,150
35202965,125,140
35202966,115,10
35202967,125,20
35202968,235,25
35202969,130,30
35202970,25,125
35202971,185,40
35202972,160,20
35202973,145,15
35202974,125,10
35202975,105,25
35202976,125,25
35202977,55,105
35202982,115,10
35202983,105,125
35202985,60,75
35202986,140,55
35202987,165,0
35202988,165,0
35202989,155,10
35202990,170,285
35202991,225,225
35202992,190,0
35202993,265,20
35202994,110,0
35202995,105,10
35202996,220,0
35202997,215,10
35202998,180,35
35202999,165,15
35203000,250,0
35203001,100,115
35203002,105,245
35203003,130,45
35203004,205,10
35203005,205,0
35203006,155,0
35203007,200,10
35203008,175,10
35203009,165,0
35203015,100,0
35203016,180,60
35203018,55,20
35203026,175,65
35203027,180,30
35203028,130,10
35203029,65,10
35203030,105,15
35203031,275,50
35203032,80,20
35203033,90,15
35203034,20,15
35203035,75,125
35203036,90,30
35203037,125,40
35203038,200,80
35203039,85,40
35203040,85,10
35203041,170,50
35203042,100,95
35203043,110,15
35203044,60,15
35203045,125,35
35203046,90,30
35203047,140,45
35203048,100,45
35203049,60,15
35203050,45,50
35203051,165,60
35203052,40,10
35203053,190,135
35203054,295,40
35203055,85,120
35203056,15,300
35203057,15,390
35203058,125,25
35203059,110,15
35203060,55,30
35203061,150,50
35203064,100,50
35203071,100,10
35203072,105,20
35203073,85,20
35203074,105,25
35203075,95,180
35203077,95,20
35203079,55,30
35203080,75,50
35203081,65,45
35203082,95,25
35203086,195,70
35203093,185,20
35203094,150,15
35203095,220,10
35203096,205,20
35203097,135,25
35203098,120,25
35203102,140,0
35203105,110,15
35203107,225,20
35203108,230,0
35203109,265,105
35203110,170,0
35203111,155,25
35203112,155,0
35203113,90,0
35203126,210,40
35203127,150,335
35203128,90,70
35203129,30,155
35203130,15,195
35203131,60,610
35203132,0,215
35203133,25,125
35203134,20,200
35203135,170,15
35203136,165,20
35203137,240,20
35203138,120,25
35203139,180,0
35203140,250,10
35203141,155,10
35203142,160,10
35203143,35,235
35203144,0,265
35203146,220,250
35203147,235,145
35203148,100,100
35203149,335,245
35203150,170,25
35203151,150,15
35203152,150,115
35203153,160,75
35203154,145,50
35203156,0,195
35203157,2805,3075
35203160,755,775
35203161,0,180
35203162,340,150
35203163,195,70
35203167,35,110
35203170,105,230
35203174,250,30
35203176,925,1325
35203177,580,710
35203183,120,110
35203184,170,80
35203185,,
35203190,425,250
35203191,90,40
35203192,160,145
35203193,130,95
35203194,160,75
35203195,85,300
35203196,95,35
35203197,165,60
35203198,100,55
35203199,170,130
35203200,155,160
35203201,160,105
35203202,105,60
35203203,90,55
35203204,95,40
35203208,115,45
35203209,125,130
35203210,75,40
35203211,90,30
35203212,130,45
35203213,100,105
35203214,185,80
35203216,30,55
35203217,155,90
35203218,160,135
35203219,115,65
35203220,105,90
35203221,155,30
35203222,160,80
35203223,45,40
35203224,125,40
35203225,130,30
35203226,170,60
35203227,105,140
35203228,165,180
35203229,145,65
35203230,135,195
35203231,160,225
35203232,120,245
35203233,155,145
35203234,120,230
35203235,150,75
35203236,190,100
35203237,190,25
35203238,135,55
35203239,125,185
35203240,390,30
35203241,90,190
35203242,170,45
35203243,130,40
35203244,85,120
35203245,140,35
35203246,175,0
35203247,195,70
35203248,220,45
35203249,195,20
35203250,195,70
35203251,120,105
35203252,195,30
35203253,90,60
35203254,125,125
35203255,150,65
35203256,185,35
35203257,90,345
35203258,170,30
35203259,170,20
35203260,125,40
35203261,210,20
35203263,120,25
35203264,135,40
35203265,150,35
35203266,135,20
35203267,190,35
35203268,215,30
35203269,155,60
35203270,20,0
35203271,150,30
35203273,400,20
35203274,30,380
35203275,70,410
35203276,160,45
35203277,150,25
35203278,135,35
35203279,210,20
35203280,115,40
35203281,100,40
35203282,105,30
35203283,145,15
35203284,110,45
35203285,150,55
35203286,95,135
35203287,120,25
35203288,285,55
35203289,240,30
35203290,10,230
35203291,25,350
35203292,100,0
35203293,55,0
35203294,185,15
35203296,110,0
35203297,125,35
35203298,160,15
35203299,130,40
35203300,115,30
35203301,130,15
35203314,195,0
35203315,105,75
35203316,130,10
35203317,180,10
35203318,240,0
35203321,140,15
35203322,220,0
35203323,130,10
35203324,95,80
35203330,15,355
35203331,40,280
35203332,120,20
35203333,180,40
35203334,75,70
35203337,80,20
35203338,120,0
35203339,110,20
35203340,120,565
35203342,460,190
35203344,80,40
35203345,100,40
35203346,80,20
35203347,80,15
35203348,30,235
35203350,0,590
35203351,130,25
35203352,20,135
35203353,110,35
35203354,100,55
35203355,85,30
35203356,155,35
35203357,75,25
35203358,120,25
35203359,100,25
35203360,50,30
35203361,115,45
35203370,205,345
35203371,45,450
35203372,50,335
35203373,85,25
35203374,150,35
35203375,85,15
35203376,75,10
35203377,135,20
35203378,195,20
35203379,165,30
35203380,115,35
35203381,130,35
35203382,130,15
35203383,105,20
35203384,125,35
35203385,125,15
35203386,175,30
35203387,120,40
35203388,140,45
35203389,100,50
35203391,130,30
35203392,45,0
35203393,205,110
35203394,30,310
35203395,145,35
35203396,95,30
35203399,180,10
35203400,130,20
35203401,85,15
35203402,25,105
35203404,125,435
35203405,30,215
35203406,130,315
35203407,135,50
35203408,550,85
35203409,125,25
35203410,90,20
35203411,285,160
35203412,150,35
35203413,110,10
35203414,120,35
35203415,110,40
35203416,125,65
35203417,150,40
35203418,135,60
35203419,100,70
35203420,200,30
35203421,130,125
35203422,125,55
35203423,155,35
35203427,175,35
35203435,250,40
35203439,100,110
35203440,130,65
35203441,110,30
35203442,90,20
35203443,85,55
35203444,75,185
35203445,135,55
35203446,130,50
35203447,170,45
35203448,80,285
35203449,25,390
35203450,45,150
35203451,165,40
35203452,110,310
35203458,100,70
35203461,190,15
35203462,130,40
35203463,135,30
35203465,220,315
35203466,240,305
35203467,115,35
35203468,135,40
35203469,120,95
35203470,15,305
35203471,15,215
35203472,55,225
35203479,95,35
35203480,135,20
35203483,165,60
35203484,160,45
35203485,120,15
35203486,70,255
35203489,140,75
35203490,165,60
35203491,145,60
35203492,80,70
35203493,210,40
35203494,155,35
35203495,115,35
35203496,125,60
35203498,145,35
35203501,110,25
35203502,140,55
35203503,1005,175
35203504,70,10
35203505,125,70
35203506,185,50
35203507,105,20
35203508,205,35
35203509,130,95
35203510,35,225
35203511,160,60
35203512,140,60
35203513,105,70
35203519,335,10
35203520,130,850
35203521,385,55
35203522,230,60
35203523,85,60
35203524,130,25
35203525,135,25
35203526,135,25
35203527,300,65
35203528,130,45
35203529,145,40
35203530,130,50
35203531,135,45
35203532,160,35
35203533,120,25
35203534,120,25
35203535,85,50
35203536,105,30
35203537,145,35
35203538,110,30
35203539,95,85
35203540,105,45
35203541,115,250
35203542,30,180
35203543,165,35
35203544,160,20
35203545,155,35
35203546,155,40
35203547,145,75
35203548,85,180
35203552,105,85
35203554,80,65
35203561,65,350
35203566,470,270
35203567,125,90
35203568,135,275
35203569,135,25
35203570,135,70
35203571,125,30
35203572,115,25
35203573,160,55
35203574,170,55
35203575,205,20
35203576,125,25
35203577,130,20
35203578,140,45
35203579,145,15
35203580,15,380
35203581,90,15
35203584,0,290
35203585,140,30
35203586,110,20
35203587,120,30
35203588,165,35
35203589,175,55
35203590,425,90
35203591,80,240
35203592,180,85
35203593,95,10
35203594,225,40
35203595,155,30
35203596,100,15
35203597,115,30
35203599,140,125
35203600,85,15
35203604,190,30
35203605,165,50
35203606,140,35
35203607,180,65
35203608,135,50
35203610,195,15
35203611,120,20
35203612,120,25
35203613,220,30
35203614,100,10
35203615,100,20
35203616,110,50
35203617,35,240
35203618,655,285
35203619,150,25
35203620,130,65
35203621,275,45
35203622,145,180
35203623,215,25
35203626,120,20
35203627,185,25
35203628,120,15
35203629,70,15
35203630,75,25
35203631,125,10
35203632,180,0
35203633,140,10
35203634,145,10
35203635,180,10
35203636,50,190
35203637,80,40
35203640,150,10
35203641,115,0
35203649,,
35203650,355,135
35203651,160,25
35203652,100,20
35203653,180,40
35203654,100,35
35203655,95,40
35203656,230,45
35203657,140,20
35203658,90,40
35203659,130,335
35203660,100,10
35203661,210,25
35203664,25,325
35203666,55,65
35203668,185,25
35203669,230,25
35203670,305,65
35203672,120,25
35203673,70,10
35203675,195,25
35203676,195,0
35203677,160,10
35203678,85,0
35203679,105,0
35203680,150,0
35203681,165,0
35203682,245,25
35203683,125,10
35203684,260,75
35203685,140,10
35203686,120,0
35203687,235,65
35203688,170,45
35203689,175,15
35203690,135,0
35203691,270,55
35203692,135,15
35203693,160,10
35203694,135,0
35203695,165,15
35203696,105,30
35203697,90,0
35203698,150,20
35203699,115,40
35203700,165,35
35203701,115,30
35203703,125,20
35203704,90,20
35203705,105,10
35203708,315,35
35203709,110,285
35203710,150,15
35203711,105,10
35203712,125,10
35203713,195,0
35203714,155,0
35203715,100,15
35203716,175,195
35203717,,
35203718,465,25
35203719,190,10
35203720,175,0
35203721,130,0
35203722,170,0
35203723,160,0
35203724,190,10
35203725,105,70
35203726,175,0
35203729,130,0
35203730,135,0
35203731,460,60
35203732,230,0
35203733,135,10
35203734,130,0
35203735,120,0
35203736,130,10
35203737,200,20
35203738,120,35
35203739,170,10
35203740,95,0
35203743,130,15
35203744,180,40
35203745,220,25
35203746,265,55
35203747,200,30
35203748,95,25
35203751,155,10
35203752,255,40
35203753,90,10
35203754,170,30
35203755,125,20
35203756,145,0
35203757,170,30
35203758,150,15
35203759,145,10
35203760,150,0
35203761,150,15
35203762,200,30
35203766,135,385
35203786,235,20
35203787,155,95
35203788,320,20
35203789,80,20
35203790,145,20
35203791,80,20
35203792,280,335
35203793,25,15
35203794,70,155
35203796,75,120
35203798,120,30
35203799,205,50
35203800,130,25
35203801,135,50
35203802,150,60
35203803,125,75
35203807,95,85
35203808,100,55
35203809,105,55
35203810,175,30
35203811,245,60
35203812,115,290
35203813,125,45
35203815,185,40
35203816,130,30
35203817,170,60
35203818,150,160
35203819,130,20
35203820,135,160
35203828,135,15
35203829,130,35
35203830,125,85
35203833,110,125
35203834,155,255
35203835,95,55
35203836,55,95
35203837,40,50
35203838,105,90
35203841,45,205
35203842,110,60
35203843,100,90
35203844,100,155
35203845,85,90
35203846,60,60
35203847,0,160
35203848,140,75
35203849,145,125
35203850,235,250
35203851,40,120
35203852,100,25
35203853,90,65
35203857,55,850
35203858,115,75
35203859,30,125
35203860,50,160
35203861,15,180
35203864,20,295
35203865,160,65
35203866,25,260
35203867,125,60
35203868,190,40
35203869,145,80
35203870,180,15
35203871,135,50
35203872,130,25
35203873,85,0
35203876,125,25
35203877,60,145
35203878,100,260
35203880,100,55
35203881,150,230
35203882,125,15
35203883,100,85
35203884,160,50
35203885,55,155
35203886,135,60
35203887,185,40
35203888,180,175
35203889,115,10
35203890,135,75
35203891,125,70
35203892,140,130
35203893,150,85
35203895,165,30
35203897,65,235
35203898,190,30
35203899,330,50
35203908,200,220
35203909,90,15
35203910,120,0
35203911,250,45
35203912,0,230
35203913,70,25
35203914,115,250
35203915,145,130
35203916,180,35
35203917,95,10
35203919,60,15
35203921,395,75
35203922,90,15
35203925,255,40
35203926,70,0
35203927,200,20
35203928,225,0
35203929,260,20
35203930,265,50
35203931,85,0
35203932,125,20
35203933,285,30
35203936,90,0
35203937,135,10
35203938,85,15
35203939,95,0
35203940,150,35
35203943,115,20
35203945,520,40
35203946,495,1350
35203947,200,1135
35203948,455,455
35203951,75,675
35203953,270,210
35203954,2190,1045
35203955,565,155
35203958,235,165
35203959,85,560
35203960,185,665
35203962,140,105
35203965,155,310
35203971,45,680
35203973,160,350
35203974,310,65
35203975,690,330
35203976,65,805
35203977,60,595
35203978,645,870
35203979,355,170
35203980,125,605
35203981,125,410
35203984,400,1555
35203986,45,1360
35203987,60,160
35203989,675,125
35203990,305,190
35203991,105,365
35203992,185,280
35203993,210,150
35203994,15,520
35203995,155,275
35203997,165,220
35203998,265,15
35204001,195,200
35204003,40,290
35204004,1165,855
35204005,585,55
35204006,235,440
35204007,830,130
35204009,115,510
35204010,240,195
35204011,85,510
35204012,210,90
35204013,185,1085
35204014,980,250
35204015,60,730
35204019,70,1090
35204020,20,1010
35204021,0,100
35204024,15,1385
35204027,55,445
35204028,15,810
35204029,240,95
35204030,115,425
35204032,115,445
35204033,15,880
35204034,180,145
35204038,185,60
35204039,335,320
35204040,40,285
35204041,100,750
35204042,600,115
35204043,20,700
35204045,140,745
35204047,405,25
35204052,50,670
35204053,565,610
35204054,350,335
35204055,335,530
35204056,10,590
35204057,10,335
35204058,350,200
35204059,260,500
35204061,30,635
35204064,330,380
35204065,90,530
35204066,75,730
35204067,370,45
35204068,240,725
35204069,20,615
35204070,205,185
35204072,10,1165
35204076,55,580
35204077,35,825
35204080,345,385
35204082,250,405
35204083,665,160
35204085,15,965
35204087,75,770
35204089,35,525
35204090,445,260
35204091,325,525
35204092,120,35
35204094,25,1360
35204095,920,155
35204096,110,1380
35204097,10,1145
35204098,735,40
35204100,15,1090
35204101,1400,2930
35204106,150,150
35204107,180,20
35204109,250,605
35204113,205,620
35204114,115,245
35204115,55,550
35204116,0,565
35204119,0,650
35204120,375,155
35204124,910,1310
35204125,455,195
35204127,170,370
35204129,10,445
35204130,110,35
35204131,150,200
35204133,270,420
35204134,255,90
35204135,20,760
35204136,135,335
35204137,545,95
35204138,325,140
35204141,645,105
35204142,935,645
35204143,50,600
35204144,220,450
35204145,195,495
35204146,405,65
35204147,270,335
35204148,175,45
35204149,205,40
35204150,180,20
35204151,235,40
35204152,140,40
35204153,130,25
35204154,190,155
35204155,205,70
35204156,135,150
35204157,0,115
35204159,165,105
35204160,115,95
35204161,85,165
35204162,160,10
35204163,180,0
35204164,150,35
35204166,170,25
35204167,185,30
35204168,205,45
35204169,75,15
35204170,155,0
35204172,140,0
35204173,145,65
35204174,125,35
35204176,90,35
35204177,180,20
35204178,225,25
35204179,0,435
35204180,170,30
35204181,165,20
35204182,100,260
35204183,130,10
35204184,240,325
35204186,130,70
35204187,205,205
35204188,180,110
35204189,0,275
35204190,15,550
35204191,120,220
35204192,0,155
35204193,0,105
35204194,35,350
35204195,600,300
35204196,110,100
35204197,150,90
35204198,275,195
35204199,55,290
35204200,30,0
35204201,440,45
35204202,195,60
35204204,20,10
35204205,80,15
35204206,70,45
35204207,125,50
35204208,15,510
35204209,50,0
35204211,0,135
35204212,25,175
35204213,490,25
35204214,145,0
35204215,255,10
35204216,210,20
35204217,55,0
35204218,110,80
35204219,0,110
35204220,20,150
35204221,0,190
35204222,0,400
35204224,625,180
35204225,115,30
35204226,120,25
35204227,280,190
35204228,1045,705
35204229,685,700
35204230,915,545
35204231,210,365
35204232,295,55
35204233,75,30
35204235,165,10
35204236,200,10
35204237,145,20
35204238,225,15
35204240,510,75
35204242,590,190
35204243,50,530
35204244,95,15
35204245,125,475
35204246,60,1125
35204249,650,60
35204250,520,505
35204251,150,45
35204252,15,385
35204253,75,0
35204254,0,205
35204255,170,55
35204256,100,15
35204257,110,415
35204258,,
35204262,105,15
35204263,105,0
35204265,430,95
35204266,45,0
35204267,225,465
35204271,315,30
35204272,255,1175
35204273,40,15
35204274,45,275
35204275,100,125
35204276,190,10
35204277,340,85
35204278,150,25
35204279,185,15
35204280,85,20
35204281,155,35
35204282,180,30
35204283,135,20
35204284,985,160
35204285,105,10
35204286,180,10
35204287,95,375
35204288,150,40
35204289,140,105
35204290,95,505
35204291,110,195
35204292,230,40
35204293,130,20
35204294,130,35
35204295,120,35
35204296,120,50
35204297,100,45
35204298,25,455
35204299,125,10
35204300,120,40
35204301,120,10
35204302,140,50
35204303,125,55
35204304,145,25
35204305,70,310
35204307,0,395
35204309,105,20
35204310,650,295
35204311,450,230
35204312,410,250
35204317,500,475
35204318,150,55
35204319,145,30
35204321,840,1075
35204322,165,15
35204323,55,160
35204324,135,65
35204325,190,45
35204326,430,180
35204327,110,40
35204328,125,25
35204329,405,610
35204330,35,455
35204331,10,340
35204332,135,20
35204333,200,735
35204334,105,15
35204335,0,410
35204336,130,10
35204337,65,165
35204338,105,10
35204339,205,155
35204340,70,210
35204341,60,0
35204342,165,15
35204343,245,30
35204344,525,80
35204345,205,10
35204346,0,370
35204348,280,375
35204352,205,345
35204353,30,690
35204355,750,190
35204356,315,570
35204357,135,20
35204358,40,190
35204359,10,365
35204360,155,275
35204361,140,20
35204362,140,25
35204363,180,30
35204364,0,305
35204365,145,20
35204366,0,90
35204367,10,1085
35204369,120,55
35204370,435,130
35204371,10,1185
35204372,15,420
35204373,285,445
35204374,180,20
35204375,150,45
35204376,125,25
35204377,125,45
35204378,115,60
35204379,120,15
35204380,40,2095
35204381,185,490
35204383,170,140
35204384,60,455
35204385,190,55
35204386,195,75
35204387,120,185
35204388,145,70
35204389,235,595
35204390,0,775
35204391,160,10
35204392,150,150
35204393,115,35
35204394,160,30
35204395,180,35
35204396,200,155
35204397,155,260
35204398,70,120
35204399,135,230
35204400,130,30
35204401,45,510
35204402,145,465
35204403,145,60
35204404,165,35
35204405,215,35
35204406,100,15
35204407,110,85
35204408,115,75
35204409,90,60
35204410,360,115
35204411,20,310
35204412,65,500
35204413,15,295
35204414,165,615
35204415,25,815
35204416,95,115
35204417,95,65
35204418,85,10
35204419,155,10
35204420,140,55
35204421,145,45
35204422,145,65
35204423,85,135
35204424,190,170
35204425,75,115
35204426,105,1015
35204427,10,405
35204430,45,320
35204431,200,20
35204433,155,10
35204434,195,0
35204435,240,15
35204438,145,20
35204439,150,25
35204440,135,30
35204441,90,110
35204442,120,40
35204443,110,60
35204444,95,55
35204445,95,65
35204446,25,195
35204447,105,75
35204448,80,260
35204449,70,85
35204450,80,70
35204451,70,95
35204452,100,80
35204453,150,205
35204455,75,250
35204456,100,345
35204457,165,25
35204458,290,280
35204460,120,50
35204461,105,80
35204462,110,70
35204465,225,265
35204466,220,760
35204467,85,615
35204468,960,380
35204469,230,725
35204470,55,1780
35204471,150,45
35204472,140,50
35204473,90,10
35204474,915,455
35204475,150,40
35204476,95,25
35204477,115,10
35204478,165,50
35204479,,
35204480,100,395
35204481,170,15
35204482,105,50
35204483,60,120
35204484,125,25
35204485,165,55
35204486,160,15
35204487,495,310
35204488,25,730
35204489,145,130
35204490,260,250
35204491,125,60
35204492,205,80
35204493,90,90
35204494,20,285
35204495,140,20
35204496,110,45
35204497,145,10
35204498,135,55
35204499,75,175
35204500,75,355
35204501,155,50
35204502,120,120
35204503,20,325
35204504,70,170
35204505,130,470
35204506,280,250
35204507,115,565
35204508,40,270
35204509,180,45
35204510,205,70
35204511,175,40
35204512,120,100
35204513,125,20
35204514,85,75
35204515,200,65
35204516,205,70
35204517,90,65
35204518,160,60
35204519,110,85
35204520,30,280
35204521,95,105
35204522,95,60
35204523,130,105
35204524,120,35
35204525,85,25
35204526,65,190
35204527,120,50
35204528,135,40
35204529,155,80
35204530,100,80
35204531,120,110
35204532,30,230
35204533,15,570
35204534,85,160
35204535,80,820
35204536,10,405
35204537,65,215
35204538,165,30
35204539,45,215
35204540,85,170
35204541,190,25
35204542,135,40
35204543,10,950
35204544,235,150
35204545,75,150
35204546,125,70
35204547,115,30
35204548,125,345
35204549,100,50
35204550,75,95
35204551,105,40
35204552,90,70
35204553,125,25
35204554,135,40
35204555,145,35
35204556,130,125
35204557,130,35
35204558,0,550
35204559,50,165
35204560,155,35
35204561,135,125
35204562,0,295
35204563,15,730
35204564,35,1300
35204565,30,845
35204566,0,260
35204567,60,2995
35204568,155,190
35204569,180,70
35204570,160,70
35204571,75,45
35204572,70,115
35204573,170,75
35204574,235,415
35204575,155,180
35204576,150,120
35204577,175,120
35204578,605,1025
35204579,290,705
35204580,90,525
35204581,30,660
35204582,0,485
35204583,105,240
35204584,310,1155
35204585,310,250
35204586,235,360
35204587,95,35
35204589,0,680
35204590,15,755
35204591,125,740
35204592,335,790
35204593,260,715
35204594,460,850
35204595,305,400
35204596,150,300
35204597,145,180
35204598,70,455
35204599,,
35204600,0,650
35204601,65,305
35204602,340,820
35204603,185,345
35204605,230,415
35204606,1005,1495
35204607,155,830
35204608,190,275
35204609,0,180
35204610,110,460
35204611,330,160
35204612,165,295
35204613,270,485
35204614,180,615
35204615,560,1695
35204616,270,675
35204617,0,575
35204618,140,195
35204620,415,575
35204621,10,315
35204622,135,260
35204623,60,420
35204624,340,555
35204625,75,80
35204626,105,60
35204627,105,60
35204628,75,30
35204629,130,105
35204630,75,40
35204631,140,70
35204632,100,60
35204633,515,360
35204634,190,55
35204635,185,60
35204636,200,35
35204637,180,20
35204638,170,15
35204639,180,70
35204640,130,55
35204641,210,30
35204642,185,20
35204643,125,20
35204644,175,0
35204645,125,75
35204646,85,75
35204647,0,260
35204648,90,285
35204649,0,205
35204650,540,1340
35204652,375,255
35204653,950,705
35204655,510,470
35204656,300,145
35204657,115,610
35204658,110,60
35204659,25,450
35204660,60,95
35204661,45,690
35204662,15,410
35204663,55,190
35204664,85,135
35204665,110,190
35204667,120,115
35204668,360,265
35204669,0,190
35204670,165,405
35204671,235,35
35204672,325,25
35204673,110,125
35204674,170,45
35204675,695,165
35204676,2870,2325
35204678,100,75
35204679,70,100
35204680,75,225
35204681,115,50
35204682,70,305
35204683,120,35
35204684,35,310
35204685,65,115
35204686,110,100
35204687,75,100
35204688,0,350
35204689,10,410
35204690,90,565
35204692,145,140
35204693,130,105
35204695,110,95
35204696,170,105
35204697,10,290
35204698,45,240
35204699,0,275
35204700,250,410
35204701,,
35204704,520,360
35204705,90,10
35204707,505,370
35204708,70,25
35204709,100,40
35204710,280,40
35204711,465,40
35204712,285,60
35204714,230,35
35204715,280,20
35204716,245,40
35204717,180,20
35204718,205,25
35204719,160,45
35204720,210,25
35204721,170,20
35204722,360,25
35204723,175,70
35204725,135,10
35204726,100,20
35204727,155,10
35204728,135,15
35204729,145,10
35204730,95,60
35204731,90,60
35204732,185,20
35204733,240,45
35204734,220,415
35204735,260,260
35204736,250,100
35204737,350,125
35204738,1065,1120
35204739,80,125
35204740,565,100
35204741,75,20
35204742,435,180
35204743,205,20
35204744,110,45
35204745,250,30
35204746,365,55
35204747,265,195
35204748,340,180
35204749,470,255
35204750,200,65
35204751,230,20
35204752,270,30
35204753,160,30
35204754,630,285
35204755,400,140
35204756,25,530
35204757,140,300
35204758,320,225
35204759,210,105
35204760,240,35
35204761,390,65
35204762,225,50
35204763,2640,1585
35204764,35,0
35204765,645,200
35204766,85,135
35204767,15,395
35204768,0,395
35204769,375,55
35204770,185,155
35204771,220,45
35204772,80,770
35204773,115,125
35204774,15,355
35204775,130,80
35204776,65,310
35204777,0,330
35204778,150,15
35204779,110,10
35204780,240,25
35204781,155,30
35204785,200,25
35204786,185,20
35204787,145,10
35204788,280,35
35204789,10,560
35204790,,
35204791,255,70
35204793,380,630
35204797,305,20
35204798,250,45
35204799,290,550
35204800,85,30
35204801,185,35
35204802,100,310
35204803,20,350
35204805,35,170
35204806,90,20
35204807,180,150
35204808,265,45
35204809,40,115
35204810,130,105
35204811,0,480
35204812,0,335
35204813,270,285
35204814,330,180
35204815,465,180
35204816,415,285
35204817,415,310
35204819,1410,2855
35204820,805,1135
35204821,540,710
35204822,540,685
35204823,220,275
35204824,375,420
35204825,350,290
35204826,725,1325
35204828,405,340
35204829,295,180
35204830,470,190
35204831,175,60
35204832,395,480
35204835,185,65
35204836,95,20
35204837,140,15
35204838,165,110
35204839,10,505
35204840,0,195
35204841,560,600
35204842,1215,2340
35204843,710,1265
35204844,655,955
35204845,725,1660
35204846,290,570
35204847,360,350
35204848,365,140
35204851,0,320
35204852,60,160
35204853,115,0
35204854,,
35204855,190,80
35204856,560,100
35204857,345,280
35204858,320,175
35204859,510,160
35204860,,
35204861,200,100
35204862,275,220
35204863,485,435
35204864,325,445
35204865,265,220
35204866,150,130
35204867,170,255
35204869,155,35
35204870,805,670
35204871,665,875
35204872,1130,1235
35204873,370,575
35204876,10,230
35204877,0,130
35204878,,
35204879,455,140
35204880,715,390
35204881,135,60
35204882,380,825
35204883,340,950
35204884,120,45
35204885,1045,675
35204886,115,110
35204887,415,130
35204888,340,640
35204889,75,65
35204890,130,25
35204891,675,425
35204892,35,15
35204893,85,10
35204894,1570,1850
35204895,520,1010
35204896,350,690
35204897,570,790
35204898,415,535
35204899,,
35204900,1000,1905
35204901,315,510
35204902,445,860
35204903,1230,1095
35204904,70,200
35204905,1120,1250
35204906,125,290
35204908,985,1710
35204909,500,355
35204910,360,75
35204911,95,25
35204912,530,435
35204913,110,35
35204915,175,45
35204916,215,170
35204918,405,315
35204919,190,45
35204920,0,275
35204922,1550,1355
35204923,285,705
35204924,165,70
35204925,230,610
35204926,205,35
35204927,0,900
35204928,10,585
35204930,0,885
35204935,50,1095
35204936,0,745
35204937,525,65
35204939,265,45
35204940,590,630
35204941,170,295
35204942,530,330
35204944,15,635
35204945,220,55
35204949,950,320
35204950,150,25
35204951,150,15
35204952,170,45
35204954,685,50
35204956,35,1120
35204957,50,95
35204958,180,20
35204960,740,205
35204965,10,355
35204966,10,230
35204968,0,330
35204969,10,545
35204970,150,85
35204977,185,425
35204978,205,195
35204979,360,305
35204981,145,500
35204982,175,65
35204984,15,355
35204985,70,1175
35204986,265,85
35204987,260,65
35204988,420,110
35204989,625,145
35204990,155,35
35204991,225,640
35204992,195,315
35204993,480,620
35204994,155,465
35204995,285,405
35204996,120,90
35204997,255,455
35204998,280,195
35204999,380,480
35205000,75,70
35205001,985,440
35205002,175,1165
35205003,300,355
35205004,215,230
35205005,150,375
35205006,160,35
35205007,695,135
35205008,415,50
35205009,430,200
35205010,190,20
35205011,955,175
35205012,0,510
35205013,0,595
35205014,280,455
35205015,330,70
35205016,150,200
35205017,25,370
35205018,75,185
35205019,15,455
35205020,100,370
35205021,475,50
35205022,30,785
35205023,775,195
35205024,0,335
35205025,185,145
35205026,120,25
35205027,580,165
35205028,40,940
35205029,60,310
35205030,160,1300
35205032,670,215
35205033,335,470
35205034,315,95
35205035,0,635
35205036,235,835
35205037,350,1170
35205038,35,685
35205039,95,360
35205040,185,20
35205041,10,505
35205043,450,175
35205044,305,120
35205047,50,720
35205048,145,120
35205049,250,95
35205051,35,800
35205052,195,25
35205053,95,490
35205054,140,435
35205055,80,110
35205057,20,920
35205059,300,275
35205060,515,915
35205061,25,360
35205062,225,595
35205063,635,1025
35205064,285,510
35205065,375,625
35205066,15,1030
35205067,970,245
35205068,345,150
35205069,480,305
